{"cameraMode":{"drawMode":0,"name":"Shaded","section":"Shading Mode"},"sceneLighting":false,"audioPlay":false,"sceneViewState":{"m_AlwaysRefresh":false,"showFog":false,"showSkybox":false,"showFlares":false,"showImageEffects":false,"showParticleSystems":false,"showVisualEffectGraphs":true,"m_FxEnabled":true},"in2DMode":false,"pivot":{"x":25.421295166015626,"y":-52.129459381103519,"z":-38.0379753112793},"rotation":{"x":0.003149484982714057,"y":-0.8805643320083618,"z":0.47400233149528506,"w":0.0058067128993570808},"size":82.90958404541016,"orthographic":false}