{"cameraMode":{"drawMode":0,"name":"Shaded","section":"Shading Mode"},"sceneLighting":false,"audioPlay":false,"sceneViewState":{"m_AlwaysRefresh":false,"showFog":false,"showSkybox":false,"showFlares":false,"showImageEffects":false,"showParticleSystems":false,"showVisualEffectGraphs":true,"m_FxEnabled":true},"in2DMode":false,"pivot":{"x":-0.00022339820861816406,"y":0.892648458480835,"z":0.0050928592681884769},"rotation":{"x":0.0612993948161602,"y":0.3219517767429352,"z":-0.02091505564749241,"w":0.9445801973342896},"size":0.8660253882408142,"orthographic":false}