{"cameraMode":{"drawMode":0,"name":"Shaded","section":"Shading Mode"},"sceneLighting":false,"audioPlay":false,"sceneViewState":{"m_AlwaysRefresh":false,"showFog":false,"showSkybox":false,"showFlares":false,"showImageEffects":false,"showParticleSystems":false,"showVisualEffectGraphs":true,"m_FxEnabled":true},"in2DMode":false,"pivot":{"x":0.0030071113724261524,"y":1.1566067934036255,"z":1.498234510421753},"rotation":{"x":0.035827528685331348,"y":0.9588410258293152,"z":-0.24413318932056428,"w":0.14080588519573213},"size":0.8660253882408142,"orthographic":false}