{"cameraMode":{"drawMode":0,"name":"Shaded","section":"Shading Mode"},"sceneLighting":false,"audioPlay":false,"sceneViewState":{"m_AlwaysRefresh":false,"showFog":false,"showSkybox":false,"showFlares":false,"showImageEffects":false,"showParticleSystems":false,"showVisualEffectGraphs":true,"m_FxEnabled":true},"in2DMode":false,"pivot":{"x":0.020281076431274415,"y":0.9131033420562744,"z":-0.07965150475502014},"rotation":{"x":0.11436358839273453,"y":0.7032907605171204,"z":-0.11626837402582169,"w":0.6920011043548584},"size":1.1270610094070435,"orthographic":false}